{
    "rmse": 4227.921622801256,
    "mse": 2753.6776478479173,
    "r2 score": 0.8864583187070587
}